config_id,shape,M,N,K,min_us
Cfg_128x128x128_Auto_Pers,qkv_proj,1,8192,5120,99.392
Cfg_128x128x128_TmaWSPing_Pers,qkv_proj,1,8192,5120,99.552
Cfg_128x128x128_TmaWSCoop_Pers,qkv_proj,1,8192,5120,99.296
Cfg_128x128x128_TmaWSCoop_SK,qkv_proj,1,8192,5120,99.328
Cfg_128x128x256_Auto_Pers,qkv_proj,1,8192,5120,93.120
Cfg_128x128x256_TmaWSPing_Pers,qkv_proj,1,8192,5120,91.072
Cfg_128x128x256_TmaWSCoop_Pers,qkv_proj,1,8192,5120,91.168
Cfg_128x128x256_TmaWSCoop_SK,qkv_proj,1,8192,5120,95.200
Cfg_128x256x128_Auto_Pers,qkv_proj,1,8192,5120,68.544
Cfg_128x256x128_TmaWSPing_Pers,qkv_proj,1,8192,5120,314.592
Cfg_128x256x128_TmaWSCoop_Pers,qkv_proj,1,8192,5120,68.000
Cfg_128x256x128_TmaWSCoop_SK,qkv_proj,1,8192,5120,74.688
Cfg_256x128x128_Auto_Pers,qkv_proj,1,8192,5120,185.312
Cfg_256x128x128_TmaWSPing_Pers,qkv_proj,1,8192,5120,796.992
Cfg_256x128x128_TmaWSCoop_Pers,qkv_proj,1,8192,5120,185.760
Cfg_256x128x128_TmaWSCoop_SK,qkv_proj,1,8192,5120,185.344
Cfg_256x256x128_Auto_Pers,qkv_proj,1,8192,5120,757.024
Cfg_256x256x128_TmaWSPing_Pers,qkv_proj,1,8192,5120,1566.848
Cfg_256x256x128_TmaWSCoop_Pers,qkv_proj,1,8192,5120,772.320
Cfg_256x256x128_TmaWSCoop_SK,qkv_proj,1,8192,5120,964.576
smoke_M256,qkv_proj,1,8192,5120,101.312
Cfg_128x128x128_Auto_Pers,qkv_proj,2,8192,5120,95.200
Cfg_128x128x128_TmaWSPing_Pers,qkv_proj,2,8192,5120,97.184
Cfg_128x128x128_TmaWSCoop_Pers,qkv_proj,2,8192,5120,95.200
Cfg_128x128x128_TmaWSCoop_SK,qkv_proj,2,8192,5120,84.992
Cfg_128x128x256_Auto_Pers,qkv_proj,2,8192,5120,83.232
Cfg_128x128x256_TmaWSPing_Pers,qkv_proj,2,8192,5120,84.384
Cfg_128x128x256_TmaWSCoop_Pers,qkv_proj,2,8192,5120,84.928
Cfg_128x128x256_TmaWSCoop_SK,qkv_proj,2,8192,5120,83.168
Cfg_128x256x128_Auto_Pers,qkv_proj,2,8192,5120,66.336
Cfg_128x256x128_TmaWSPing_Pers,qkv_proj,2,8192,5120,314.528
Cfg_128x256x128_TmaWSCoop_Pers,qkv_proj,2,8192,5120,66.496
Cfg_128x256x128_TmaWSCoop_SK,qkv_proj,2,8192,5120,72.640
Cfg_256x128x128_Auto_Pers,qkv_proj,2,8192,5120,180.448
Cfg_256x128x128_TmaWSPing_Pers,qkv_proj,2,8192,5120,759.264
Cfg_256x128x128_TmaWSCoop_Pers,qkv_proj,2,8192,5120,181.184
Cfg_256x128x128_TmaWSCoop_SK,qkv_proj,2,8192,5120,163.776
Cfg_256x256x128_Auto_Pers,qkv_proj,2,8192,5120,901.344
Cfg_256x256x128_TmaWSPing_Pers,qkv_proj,2,8192,5120,1655.104
Cfg_256x256x128_TmaWSCoop_Pers,qkv_proj,2,8192,5120,824.480
Cfg_256x256x128_TmaWSCoop_SK,qkv_proj,2,8192,5120,930.720
smoke_M256,qkv_proj,2,8192,5120,96.416
Cfg_128x128x128_Auto_Pers,qkv_proj,4,8192,5120,95.296
Cfg_128x128x128_TmaWSPing_Pers,qkv_proj,4,8192,5120,95.296
Cfg_128x128x128_TmaWSCoop_Pers,qkv_proj,4,8192,5120,95.584
Cfg_128x128x128_TmaWSCoop_SK,qkv_proj,4,8192,5120,93.088
Cfg_128x128x256_Auto_Pers,qkv_proj,4,8192,5120,88.544
Cfg_128x128x256_TmaWSPing_Pers,qkv_proj,4,8192,5120,87.168
Cfg_128x128x256_TmaWSCoop_Pers,qkv_proj,4,8192,5120,87.264
Cfg_128x128x256_TmaWSCoop_SK,qkv_proj,4,8192,5120,87.264
Cfg_128x256x128_Auto_Pers,qkv_proj,4,8192,5120,66.816
Cfg_128x256x128_TmaWSPing_Pers,qkv_proj,4,8192,5120,332.928
Cfg_128x256x128_TmaWSCoop_Pers,qkv_proj,4,8192,5120,67.808
Cfg_128x256x128_TmaWSCoop_SK,qkv_proj,4,8192,5120,72.736
Cfg_256x128x128_Auto_Pers,qkv_proj,4,8192,5120,181.344
Cfg_256x128x128_TmaWSPing_Pers,qkv_proj,4,8192,5120,779.232
Cfg_256x128x128_TmaWSCoop_Pers,qkv_proj,4,8192,5120,183.328
Cfg_256x128x128_TmaWSCoop_SK,qkv_proj,4,8192,5120,175.040
Cfg_256x256x128_Auto_Pers,qkv_proj,4,8192,5120,852.000
Cfg_256x256x128_TmaWSPing_Pers,qkv_proj,4,8192,5120,1713.216
Cfg_256x256x128_TmaWSCoop_Pers,qkv_proj,4,8192,5120,989.408
Cfg_256x256x128_TmaWSCoop_SK,qkv_proj,4,8192,5120,892.928
smoke_M256,qkv_proj,4,8192,5120,95.520
Cfg_128x128x128_Auto_Pers,qkv_proj,8,8192,5120,95.488
Cfg_128x128x128_TmaWSPing_Pers,qkv_proj,8,8192,5120,96.608
Cfg_128x128x128_TmaWSCoop_Pers,qkv_proj,8,8192,5120,95.488
Cfg_128x128x128_TmaWSCoop_SK,qkv_proj,8,8192,5120,96.576
Cfg_128x128x256_Auto_Pers,qkv_proj,8,8192,5120,87.328
Cfg_128x128x256_TmaWSPing_Pers,qkv_proj,8,8192,5120,87.104
Cfg_128x128x256_TmaWSCoop_Pers,qkv_proj,8,8192,5120,87.200
Cfg_128x128x256_TmaWSCoop_SK,qkv_proj,8,8192,5120,91.072
Cfg_128x256x128_Auto_Pers,qkv_proj,8,8192,5120,66.528
Cfg_128x256x128_TmaWSPing_Pers,qkv_proj,8,8192,5120,340.960
Cfg_128x256x128_TmaWSCoop_Pers,qkv_proj,8,8192,5120,66.368
Cfg_128x256x128_TmaWSCoop_SK,qkv_proj,8,8192,5120,74.144
Cfg_256x128x128_Auto_Pers,qkv_proj,8,8192,5120,183.168
Cfg_256x128x128_TmaWSPing_Pers,qkv_proj,8,8192,5120,832.576
Cfg_256x128x128_TmaWSCoop_Pers,qkv_proj,8,8192,5120,182.528
Cfg_256x128x128_TmaWSCoop_SK,qkv_proj,8,8192,5120,181.632
Cfg_256x256x128_Auto_Pers,qkv_proj,8,8192,5120,980.224
Cfg_256x256x128_TmaWSPing_Pers,qkv_proj,8,8192,5120,1596.320
Cfg_256x256x128_TmaWSCoop_Pers,qkv_proj,8,8192,5120,971.840
Cfg_256x256x128_TmaWSCoop_SK,qkv_proj,8,8192,5120,898.112
smoke_M256,qkv_proj,8,8192,5120,96.192
Cfg_128x128x128_Auto_Pers,qkv_proj,16,8192,5120,91.040
Cfg_128x128x128_TmaWSPing_Pers,qkv_proj,16,8192,5120,91.104
Cfg_128x128x128_TmaWSCoop_Pers,qkv_proj,16,8192,5120,91.456
Cfg_128x128x128_TmaWSCoop_SK,qkv_proj,16,8192,5120,92.288
Cfg_128x128x256_Auto_Pers,qkv_proj,16,8192,5120,83.168
Cfg_128x128x256_TmaWSPing_Pers,qkv_proj,16,8192,5120,82.880
Cfg_128x128x256_TmaWSCoop_Pers,qkv_proj,16,8192,5120,83.168
Cfg_128x128x256_TmaWSCoop_SK,qkv_proj,16,8192,5120,86.432
Cfg_128x256x128_Auto_Pers,qkv_proj,16,8192,5120,63.648
Cfg_128x256x128_TmaWSPing_Pers,qkv_proj,16,8192,5120,328.416
Cfg_128x256x128_TmaWSCoop_Pers,qkv_proj,16,8192,5120,64.352
Cfg_128x256x128_TmaWSCoop_SK,qkv_proj,16,8192,5120,71.712
Cfg_256x128x128_Auto_Pers,qkv_proj,16,8192,5120,177.216
Cfg_256x128x128_TmaWSPing_Pers,qkv_proj,16,8192,5120,777.440
Cfg_256x128x128_TmaWSCoop_Pers,qkv_proj,16,8192,5120,177.216
Cfg_256x128x128_TmaWSCoop_SK,qkv_proj,16,8192,5120,177.312
Cfg_256x256x128_Auto_Pers,qkv_proj,16,8192,5120,792.640
Cfg_256x256x128_TmaWSPing_Pers,qkv_proj,16,8192,5120,2085.920
Cfg_256x256x128_TmaWSCoop_Pers,qkv_proj,16,8192,5120,829.760
Cfg_256x256x128_TmaWSCoop_SK,qkv_proj,16,8192,5120,871.616
smoke_M256,qkv_proj,16,8192,5120,91.264
Cfg_128x128x128_Auto_Pers,qkv_proj,32,8192,5120,82.240
Cfg_128x128x128_TmaWSPing_Pers,qkv_proj,32,8192,5120,84.160
Cfg_128x128x128_TmaWSCoop_Pers,qkv_proj,32,8192,5120,86.080
Cfg_128x128x128_TmaWSCoop_SK,qkv_proj,32,8192,5120,85.024
Cfg_128x128x256_Auto_Pers,qkv_proj,32,8192,5120,76.800
Cfg_128x128x256_TmaWSPing_Pers,qkv_proj,32,8192,5120,76.736
Cfg_128x128x256_TmaWSCoop_Pers,qkv_proj,32,8192,5120,76.960
Cfg_128x128x256_TmaWSCoop_SK,qkv_proj,32,8192,5120,79.072
Cfg_128x256x128_Auto_Pers,qkv_proj,32,8192,5120,70.688
Cfg_128x256x128_TmaWSPing_Pers,qkv_proj,32,8192,5120,316.480
Cfg_128x256x128_TmaWSCoop_Pers,qkv_proj,32,8192,5120,85.152
Cfg_128x256x128_TmaWSCoop_SK,qkv_proj,32,8192,5120,70.944
Cfg_256x128x128_Auto_Pers,qkv_proj,32,8192,5120,171.232
Cfg_256x128x128_TmaWSPing_Pers,qkv_proj,32,8192,5120,770.240
Cfg_256x128x128_TmaWSCoop_Pers,qkv_proj,32,8192,5120,171.424
Cfg_256x128x128_TmaWSCoop_SK,qkv_proj,32,8192,5120,169.216
Cfg_256x256x128_Auto_Pers,qkv_proj,32,8192,5120,889.248
Cfg_256x256x128_TmaWSPing_Pers,qkv_proj,32,8192,5120,1861.888
Cfg_256x256x128_TmaWSCoop_Pers,qkv_proj,32,8192,5120,884.832
Cfg_256x256x128_TmaWSCoop_SK,qkv_proj,32,8192,5120,1080.480
smoke_M256,qkv_proj,32,8192,5120,82.880
Cfg_128x128x128_Auto_Pers,qkv_proj,64,8192,5120,68.832
Cfg_128x128x128_TmaWSPing_Pers,qkv_proj,64,8192,5120,60.608
Cfg_128x128x128_TmaWSCoop_Pers,qkv_proj,64,8192,5120,49.056
Cfg_128x128x128_TmaWSCoop_SK,qkv_proj,64,8192,5120,90.368
Cfg_128x128x256_Auto_Pers,qkv_proj,64,8192,5120,55.584
Cfg_128x128x256_TmaWSPing_Pers,qkv_proj,64,8192,5120,69.632
Cfg_128x128x256_TmaWSCoop_Pers,qkv_proj,64,8192,5120,50.144
Cfg_128x128x256_TmaWSCoop_SK,qkv_proj,64,8192,5120,68.832
Cfg_128x256x128_Auto_Pers,qkv_proj,64,8192,5120,62.656
Cfg_128x256x128_TmaWSPing_Pers,qkv_proj,64,8192,5120,314.592
Cfg_128x256x128_TmaWSCoop_Pers,qkv_proj,64,8192,5120,56.448
Cfg_128x256x128_TmaWSCoop_SK,qkv_proj,64,8192,5120,70.848
Cfg_256x128x128_Auto_Pers,qkv_proj,64,8192,5120,80.832
Cfg_256x128x128_TmaWSPing_Pers,qkv_proj,64,8192,5120,751.840
Cfg_256x128x128_TmaWSCoop_Pers,qkv_proj,64,8192,5120,78.752
Cfg_256x128x128_TmaWSCoop_SK,qkv_proj,64,8192,5120,130.368
Cfg_256x256x128_Auto_Pers,qkv_proj,64,8192,5120,868.384
Cfg_256x256x128_TmaWSPing_Pers,qkv_proj,64,8192,5120,1710.016
Cfg_256x256x128_TmaWSCoop_Pers,qkv_proj,64,8192,5120,895.232
Cfg_256x256x128_TmaWSCoop_SK,qkv_proj,64,8192,5120,950.176
smoke_M256,qkv_proj,64,8192,5120,43.264
Cfg_128x128x128_Auto_Pers,qkv_proj,128,8192,5120,81.152
Cfg_128x128x128_TmaWSPing_Pers,qkv_proj,128,8192,5120,86.272
Cfg_128x128x128_TmaWSCoop_Pers,qkv_proj,128,8192,5120,87.296
Cfg_128x128x128_TmaWSCoop_SK,qkv_proj,128,8192,5120,109.600
Cfg_128x128x256_Auto_Pers,qkv_proj,128,8192,5120,54.304
Cfg_128x128x256_TmaWSPing_Pers,qkv_proj,128,8192,5120,91.360
Cfg_128x128x256_TmaWSCoop_Pers,qkv_proj,128,8192,5120,66.464
Cfg_128x128x256_TmaWSCoop_SK,qkv_proj,128,8192,5120,75.040
Cfg_128x256x128_Auto_Pers,qkv_proj,128,8192,5120,88.416
Cfg_128x256x128_TmaWSPing_Pers,qkv_proj,128,8192,5120,322.432
Cfg_128x256x128_TmaWSCoop_Pers,qkv_proj,128,8192,5120,73.984
Cfg_128x256x128_TmaWSCoop_SK,qkv_proj,128,8192,5120,106.656
Cfg_256x128x128_Auto_Pers,qkv_proj,128,8192,5120,86.304
Cfg_256x128x128_TmaWSPing_Pers,qkv_proj,128,8192,5120,748.096
Cfg_256x128x128_TmaWSCoop_Pers,qkv_proj,128,8192,5120,78.848
Cfg_256x128x128_TmaWSCoop_SK,qkv_proj,128,8192,5120,145.632
Cfg_256x256x128_Auto_Pers,qkv_proj,128,8192,5120,860.192
Cfg_256x256x128_TmaWSPing_Pers,qkv_proj,128,8192,5120,1770.752
Cfg_256x256x128_TmaWSCoop_Pers,qkv_proj,128,8192,5120,927.040
Cfg_256x256x128_TmaWSCoop_SK,qkv_proj,128,8192,5120,934.080
smoke_M256,qkv_proj,128,8192,5120,68.608
Cfg_128x128x128_Auto_Pers,qkv_proj,192,8192,5120,89.120
Cfg_128x128x128_TmaWSPing_Pers,qkv_proj,192,8192,5120,80.864
Cfg_128x128x128_TmaWSCoop_Pers,qkv_proj,192,8192,5120,89.088
Cfg_128x128x128_TmaWSCoop_SK,qkv_proj,192,8192,5120,101.344
Cfg_128x128x256_Auto_Pers,qkv_proj,192,8192,5120,91.392
Cfg_128x128x256_TmaWSPing_Pers,qkv_proj,192,8192,5120,95.552
Cfg_128x128x256_TmaWSCoop_Pers,qkv_proj,192,8192,5120,93.504
Cfg_128x128x256_TmaWSCoop_SK,qkv_proj,192,8192,5120,89.088
Cfg_128x256x128_Auto_Pers,qkv_proj,192,8192,5120,118.816
Cfg_128x256x128_TmaWSPing_Pers,qkv_proj,192,8192,5120,705.664
Cfg_128x256x128_TmaWSCoop_Pers,qkv_proj,192,8192,5120,122.080
Cfg_128x256x128_TmaWSCoop_SK,qkv_proj,192,8192,5120,164.896
Cfg_256x128x128_Auto_Pers,qkv_proj,192,8192,5120,111.520
Cfg_256x128x128_TmaWSPing_Pers,qkv_proj,192,8192,5120,753.824
Cfg_256x128x128_TmaWSCoop_Pers,qkv_proj,192,8192,5120,119.936
Cfg_256x128x128_TmaWSCoop_SK,qkv_proj,192,8192,5120,156.704
Cfg_256x256x128_Auto_Pers,qkv_proj,192,8192,5120,874.528
Cfg_256x256x128_TmaWSPing_Pers,qkv_proj,192,8192,5120,1668.128
Cfg_256x256x128_TmaWSCoop_Pers,qkv_proj,192,8192,5120,787.712
Cfg_256x256x128_TmaWSCoop_SK,qkv_proj,192,8192,5120,1074.112
smoke_M256,qkv_proj,192,8192,5120,88.896
Cfg_128x128x128_Auto_Pers,qkv_proj,256,8192,5120,100.544
Cfg_128x128x128_TmaWSPing_Pers,qkv_proj,256,8192,5120,119.776
Cfg_128x128x128_TmaWSCoop_Pers,qkv_proj,256,8192,5120,95.360
Cfg_128x128x128_TmaWSCoop_SK,qkv_proj,256,8192,5120,101.472
Cfg_128x128x256_Auto_Pers,qkv_proj,256,8192,5120,105.728
Cfg_128x128x256_TmaWSPing_Pers,qkv_proj,256,8192,5120,134.400
Cfg_128x128x256_TmaWSCoop_Pers,qkv_proj,256,8192,5120,124.032
Cfg_128x128x256_TmaWSCoop_SK,qkv_proj,256,8192,5120,126.944
Cfg_128x256x128_Auto_Pers,qkv_proj,256,8192,5120,136.224
Cfg_128x256x128_TmaWSPing_Pers,qkv_proj,256,8192,5120,717.888
Cfg_128x256x128_TmaWSCoop_Pers,qkv_proj,256,8192,5120,119.968
Cfg_128x256x128_TmaWSCoop_SK,qkv_proj,256,8192,5120,171.360
Cfg_256x128x128_Auto_Pers,qkv_proj,256,8192,5120,127.200
Cfg_256x128x128_TmaWSPing_Pers,qkv_proj,256,8192,5120,791.968
Cfg_256x128x128_TmaWSCoop_Pers,qkv_proj,256,8192,5120,142.560
Cfg_256x128x128_TmaWSCoop_SK,qkv_proj,256,8192,5120,173.312
Cfg_256x256x128_Auto_Pers,qkv_proj,256,8192,5120,852.512
Cfg_256x256x128_TmaWSPing_Pers,qkv_proj,256,8192,5120,1633.376
Cfg_256x256x128_TmaWSCoop_Pers,qkv_proj,256,8192,5120,894.944
Cfg_256x256x128_TmaWSCoop_SK,qkv_proj,256,8192,5120,890.048
smoke_M256,qkv_proj,256,8192,5120,132.288
Cfg_128x128x128_Auto_Pers,o_proj,1,5120,6144,76.032
Cfg_128x128x128_TmaWSPing_Pers,o_proj,1,5120,6144,75.968
Cfg_128x128x128_TmaWSCoop_Pers,o_proj,1,5120,6144,75.904
Cfg_128x128x128_TmaWSCoop_SK,o_proj,1,5120,6144,76.672
Cfg_128x128x256_Auto_Pers,o_proj,1,5120,6144,69.120
Cfg_128x128x256_TmaWSPing_Pers,o_proj,1,5120,6144,69.856
Cfg_128x128x256_TmaWSCoop_Pers,o_proj,1,5120,6144,69.152
Cfg_128x128x256_TmaWSCoop_SK,o_proj,1,5120,6144,69.792
Cfg_128x256x128_Auto_Pers,o_proj,1,5120,6144,59.648
Cfg_128x256x128_TmaWSPing_Pers,o_proj,1,5120,6144,304.256
Cfg_128x256x128_TmaWSCoop_Pers,o_proj,1,5120,6144,59.648
Cfg_128x256x128_TmaWSCoop_SK,o_proj,1,5120,6144,68.736
Cfg_256x128x128_Auto_Pers,o_proj,1,5120,6144,141.440
Cfg_256x128x128_TmaWSPing_Pers,o_proj,1,5120,6144,516.928
Cfg_256x128x128_TmaWSCoop_Pers,o_proj,1,5120,6144,141.536
Cfg_256x128x128_TmaWSCoop_SK,o_proj,1,5120,6144,144.288
Cfg_256x256x128_Auto_Pers,o_proj,1,5120,6144,572.352
Cfg_256x256x128_TmaWSPing_Pers,o_proj,1,5120,6144,793.568
Cfg_256x256x128_TmaWSCoop_Pers,o_proj,1,5120,6144,564.032
Cfg_256x256x128_TmaWSCoop_SK,o_proj,1,5120,6144,1328.480
smoke_M256,o_proj,1,5120,6144,75.936
Cfg_128x128x128_Auto_Pers,o_proj,2,5120,6144,72.704
Cfg_128x128x128_TmaWSPing_Pers,o_proj,2,5120,6144,72.960
Cfg_128x128x128_TmaWSCoop_Pers,o_proj,2,5120,6144,73.824
Cfg_128x128x128_TmaWSCoop_SK,o_proj,2,5120,6144,74.688
Cfg_128x128x256_Auto_Pers,o_proj,2,5120,6144,66.816
Cfg_128x128x256_TmaWSPing_Pers,o_proj,2,5120,6144,67.840
Cfg_128x128x256_TmaWSCoop_Pers,o_proj,2,5120,6144,66.784
Cfg_128x128x256_TmaWSCoop_SK,o_proj,2,5120,6144,67.744
Cfg_128x256x128_Auto_Pers,o_proj,2,5120,6144,56.736
Cfg_128x256x128_TmaWSPing_Pers,o_proj,2,5120,6144,306.208
Cfg_128x256x128_TmaWSCoop_Pers,o_proj,2,5120,6144,56.672
Cfg_128x256x128_TmaWSCoop_SK,o_proj,2,5120,6144,61.696
Cfg_256x128x128_Auto_Pers,o_proj,2,5120,6144,137.536
Cfg_256x128x128_TmaWSPing_Pers,o_proj,2,5120,6144,537.824
Cfg_256x128x128_TmaWSCoop_Pers,o_proj,2,5120,6144,138.144
Cfg_256x128x128_TmaWSCoop_SK,o_proj,2,5120,6144,138.528
Cfg_256x256x128_Auto_Pers,o_proj,2,5120,6144,574.400
Cfg_256x256x128_TmaWSPing_Pers,o_proj,2,5120,6144,793.440
Cfg_256x256x128_TmaWSCoop_Pers,o_proj,2,5120,6144,566.240
Cfg_256x256x128_TmaWSCoop_SK,o_proj,2,5120,6144,1341.600
smoke_M256,o_proj,2,5120,6144,72.800
Cfg_128x128x128_Auto_Pers,o_proj,4,5120,6144,74.016
Cfg_128x128x128_TmaWSPing_Pers,o_proj,4,5120,6144,74.112
Cfg_128x128x128_TmaWSCoop_Pers,o_proj,4,5120,6144,73.888
Cfg_128x128x128_TmaWSCoop_SK,o_proj,4,5120,6144,74.688
Cfg_128x128x256_Auto_Pers,o_proj,4,5120,6144,67.552
Cfg_128x128x256_TmaWSPing_Pers,o_proj,4,5120,6144,67.872
Cfg_128x128x256_TmaWSCoop_Pers,o_proj,4,5120,6144,67.648
Cfg_128x128x256_TmaWSCoop_SK,o_proj,4,5120,6144,67.968
Cfg_128x256x128_Auto_Pers,o_proj,4,5120,6144,56.576
Cfg_128x256x128_TmaWSPing_Pers,o_proj,4,5120,6144,304.224
Cfg_128x256x128_TmaWSCoop_Pers,o_proj,4,5120,6144,56.544
Cfg_128x256x128_TmaWSCoop_SK,o_proj,4,5120,6144,67.872
Cfg_256x128x128_Auto_Pers,o_proj,4,5120,6144,139.424
Cfg_256x128x128_TmaWSPing_Pers,o_proj,4,5120,6144,537.792
Cfg_256x128x128_TmaWSCoop_Pers,o_proj,4,5120,6144,139.296
Cfg_256x128x128_TmaWSCoop_SK,o_proj,4,5120,6144,141.568
Cfg_256x256x128_Auto_Pers,o_proj,4,5120,6144,564.480
Cfg_256x256x128_TmaWSPing_Pers,o_proj,4,5120,6144,794.624
Cfg_256x256x128_TmaWSCoop_Pers,o_proj,4,5120,6144,566.304
Cfg_256x256x128_TmaWSCoop_SK,o_proj,4,5120,6144,1344.864
smoke_M256,o_proj,4,5120,6144,73.952
Cfg_128x128x128_Auto_Pers,o_proj,8,5120,6144,72.512
Cfg_128x128x128_TmaWSPing_Pers,o_proj,8,5120,6144,72.576
Cfg_128x128x128_TmaWSCoop_Pers,o_proj,8,5120,6144,72.512
Cfg_128x128x128_TmaWSCoop_SK,o_proj,8,5120,6144,72.832
Cfg_128x128x256_Auto_Pers,o_proj,8,5120,6144,66.464
Cfg_128x128x256_TmaWSPing_Pers,o_proj,8,5120,6144,66.656
Cfg_128x128x256_TmaWSCoop_Pers,o_proj,8,5120,6144,66.464
Cfg_128x128x256_TmaWSCoop_SK,o_proj,8,5120,6144,66.880
Cfg_128x256x128_Auto_Pers,o_proj,8,5120,6144,56.256
Cfg_128x256x128_TmaWSPing_Pers,o_proj,8,5120,6144,312.224
Cfg_128x256x128_TmaWSCoop_Pers,o_proj,8,5120,6144,56.160
Cfg_128x256x128_TmaWSCoop_SK,o_proj,8,5120,6144,66.656
Cfg_256x128x128_Auto_Pers,o_proj,8,5120,6144,138.176
Cfg_256x128x128_TmaWSPing_Pers,o_proj,8,5120,6144,521.088
Cfg_256x128x128_TmaWSCoop_Pers,o_proj,8,5120,6144,138.144
Cfg_256x128x128_TmaWSCoop_SK,o_proj,8,5120,6144,140.256
Cfg_256x256x128_Auto_Pers,o_proj,8,5120,6144,564.256
Cfg_256x256x128_TmaWSPing_Pers,o_proj,8,5120,6144,792.608
Cfg_256x256x128_TmaWSCoop_Pers,o_proj,8,5120,6144,564.288
Cfg_256x256x128_TmaWSCoop_SK,o_proj,8,5120,6144,1318.112
smoke_M256,o_proj,8,5120,6144,72.640
Cfg_128x128x128_Auto_Pers,o_proj,16,5120,6144,68.416
Cfg_128x128x128_TmaWSPing_Pers,o_proj,16,5120,6144,68.640
Cfg_128x128x128_TmaWSCoop_Pers,o_proj,16,5120,6144,68.512
Cfg_128x128x128_TmaWSCoop_SK,o_proj,16,5120,6144,69.664
Cfg_128x128x256_Auto_Pers,o_proj,16,5120,6144,62.880
Cfg_128x128x256_TmaWSPing_Pers,o_proj,16,5120,6144,63.456
Cfg_128x128x256_TmaWSCoop_Pers,o_proj,16,5120,6144,62.848
Cfg_128x128x256_TmaWSCoop_SK,o_proj,16,5120,6144,63.552
Cfg_128x256x128_Auto_Pers,o_proj,16,5120,6144,54.560
Cfg_128x256x128_TmaWSPing_Pers,o_proj,16,5120,6144,306.112
Cfg_128x256x128_TmaWSCoop_Pers,o_proj,16,5120,6144,55.584
Cfg_128x256x128_TmaWSCoop_SK,o_proj,16,5120,6144,65.888
Cfg_256x128x128_Auto_Pers,o_proj,16,5120,6144,134.112
Cfg_256x128x128_TmaWSPing_Pers,o_proj,16,5120,6144,529.280
Cfg_256x128x128_TmaWSCoop_Pers,o_proj,16,5120,6144,134.048
Cfg_256x128x128_TmaWSCoop_SK,o_proj,16,5120,6144,136.352
Cfg_256x256x128_Auto_Pers,o_proj,16,5120,6144,561.568
Cfg_256x256x128_TmaWSPing_Pers,o_proj,16,5120,6144,796.832
Cfg_256x256x128_TmaWSCoop_Pers,o_proj,16,5120,6144,569.568
Cfg_256x256x128_TmaWSCoop_SK,o_proj,16,5120,6144,1322.016
smoke_M256,o_proj,16,5120,6144,68.512
Cfg_128x128x128_Auto_Pers,o_proj,32,5120,6144,61.376
Cfg_128x128x128_TmaWSPing_Pers,o_proj,32,5120,6144,61.536
Cfg_128x128x128_TmaWSCoop_Pers,o_proj,32,5120,6144,61.376
Cfg_128x128x128_TmaWSCoop_SK,o_proj,32,5120,6144,62.336
Cfg_128x128x256_Auto_Pers,o_proj,32,5120,6144,56.704
Cfg_128x128x256_TmaWSPing_Pers,o_proj,32,5120,6144,57.600
Cfg_128x128x256_TmaWSCoop_Pers,o_proj,32,5120,6144,56.768
Cfg_128x128x256_TmaWSCoop_SK,o_proj,32,5120,6144,57.568
Cfg_128x256x128_Auto_Pers,o_proj,32,5120,6144,52.608
Cfg_128x256x128_TmaWSPing_Pers,o_proj,32,5120,6144,308.416
Cfg_128x256x128_TmaWSCoop_Pers,o_proj,32,5120,6144,52.608
Cfg_128x256x128_TmaWSCoop_SK,o_proj,32,5120,6144,62.688
Cfg_256x128x128_Auto_Pers,o_proj,32,5120,6144,127.104
Cfg_256x128x128_TmaWSPing_Pers,o_proj,32,5120,6144,534.432
Cfg_256x128x128_TmaWSCoop_Pers,o_proj,32,5120,6144,127.072
Cfg_256x128x128_TmaWSCoop_SK,o_proj,32,5120,6144,129.984
Cfg_256x256x128_Auto_Pers,o_proj,32,5120,6144,566.240
Cfg_256x256x128_TmaWSPing_Pers,o_proj,32,5120,6144,791.936
Cfg_256x256x128_TmaWSCoop_Pers,o_proj,32,5120,6144,578.592
Cfg_256x256x128_TmaWSCoop_SK,o_proj,32,5120,6144,1316.864
smoke_M256,o_proj,32,5120,6144,61.440
Cfg_128x128x128_Auto_Pers,o_proj,64,5120,6144,37.024
Cfg_128x128x128_TmaWSPing_Pers,o_proj,64,5120,6144,37.088
Cfg_128x128x128_TmaWSCoop_Pers,o_proj,64,5120,6144,38.112
Cfg_128x128x128_TmaWSCoop_SK,o_proj,64,5120,6144,37.088
Cfg_128x128x256_Auto_Pers,o_proj,64,5120,6144,36.960
Cfg_128x128x256_TmaWSPing_Pers,o_proj,64,5120,6144,36.000
Cfg_128x128x256_TmaWSCoop_Pers,o_proj,64,5120,6144,36.928
Cfg_128x128x256_TmaWSCoop_SK,o_proj,64,5120,6144,39.136
Cfg_128x256x128_Auto_Pers,o_proj,64,5120,6144,49.504
Cfg_128x256x128_TmaWSPing_Pers,o_proj,64,5120,6144,306.048
Cfg_128x256x128_TmaWSCoop_Pers,o_proj,64,5120,6144,49.472
Cfg_128x256x128_TmaWSCoop_SK,o_proj,64,5120,6144,50.240
Cfg_256x128x128_Auto_Pers,o_proj,64,5120,6144,48.032
Cfg_256x128x128_TmaWSPing_Pers,o_proj,64,5120,6144,484.288
Cfg_256x128x128_TmaWSCoop_Pers,o_proj,64,5120,6144,48.064
Cfg_256x128x128_TmaWSCoop_SK,o_proj,64,5120,6144,50.272
Cfg_256x256x128_Auto_Pers,o_proj,64,5120,6144,557.216
Cfg_256x256x128_TmaWSPing_Pers,o_proj,64,5120,6144,785.248
Cfg_256x256x128_TmaWSCoop_Pers,o_proj,64,5120,6144,559.360
Cfg_256x256x128_TmaWSCoop_SK,o_proj,64,5120,6144,1315.936
smoke_M256,o_proj,64,5120,6144,37.024
Cfg_128x128x128_Auto_Pers,o_proj,128,5120,6144,37.984
Cfg_128x128x128_TmaWSPing_Pers,o_proj,128,5120,6144,37.952
Cfg_128x128x128_TmaWSCoop_Pers,o_proj,128,5120,6144,36.992
Cfg_128x128x128_TmaWSCoop_SK,o_proj,128,5120,6144,38.112
Cfg_128x128x256_Auto_Pers,o_proj,128,5120,6144,36.992
Cfg_128x128x256_TmaWSPing_Pers,o_proj,128,5120,6144,36.128
Cfg_128x128x256_TmaWSCoop_Pers,o_proj,128,5120,6144,36.096
Cfg_128x128x256_TmaWSCoop_SK,o_proj,128,5120,6144,38.240
Cfg_128x256x128_Auto_Pers,o_proj,128,5120,6144,49.504
Cfg_128x256x128_TmaWSPing_Pers,o_proj,128,5120,6144,304.000
Cfg_128x256x128_TmaWSCoop_Pers,o_proj,128,5120,6144,50.080
Cfg_128x256x128_TmaWSCoop_SK,o_proj,128,5120,6144,54.400
Cfg_256x128x128_Auto_Pers,o_proj,128,5120,6144,48.064
Cfg_256x128x128_TmaWSPing_Pers,o_proj,128,5120,6144,478.400
Cfg_256x128x128_TmaWSCoop_Pers,o_proj,128,5120,6144,50.624
Cfg_256x128x128_TmaWSCoop_SK,o_proj,128,5120,6144,53.472
Cfg_256x256x128_Auto_Pers,o_proj,128,5120,6144,562.272
Cfg_256x256x128_TmaWSPing_Pers,o_proj,128,5120,6144,788.608
Cfg_256x256x128_TmaWSCoop_Pers,o_proj,128,5120,6144,563.520
Cfg_256x256x128_TmaWSCoop_SK,o_proj,128,5120,6144,1360.160
smoke_M256,o_proj,128,5120,6144,38.048
Cfg_128x128x128_Auto_Pers,o_proj,192,5120,6144,50.112
Cfg_128x128x128_TmaWSPing_Pers,o_proj,192,5120,6144,52.192
Cfg_128x128x128_TmaWSCoop_Pers,o_proj,192,5120,6144,50.112
Cfg_128x128x128_TmaWSCoop_SK,o_proj,192,5120,6144,50.688
Cfg_128x128x256_Auto_Pers,o_proj,192,5120,6144,54.304
Cfg_128x128x256_TmaWSPing_Pers,o_proj,192,5120,6144,52.256
Cfg_128x128x256_TmaWSCoop_Pers,o_proj,192,5120,6144,52.256
Cfg_128x128x256_TmaWSCoop_SK,o_proj,192,5120,6144,54.400
Cfg_128x256x128_Auto_Pers,o_proj,192,5120,6144,60.448
Cfg_128x256x128_TmaWSPing_Pers,o_proj,192,5120,6144,473.120
Cfg_128x256x128_TmaWSCoop_Pers,o_proj,192,5120,6144,60.352
Cfg_128x256x128_TmaWSCoop_SK,o_proj,192,5120,6144,67.520
Cfg_256x128x128_Auto_Pers,o_proj,192,5120,6144,48.064
Cfg_256x128x128_TmaWSPing_Pers,o_proj,192,5120,6144,490.368
Cfg_256x128x128_TmaWSCoop_Pers,o_proj,192,5120,6144,47.520
Cfg_256x128x128_TmaWSCoop_SK,o_proj,192,5120,6144,50.112
Cfg_256x256x128_Auto_Pers,o_proj,192,5120,6144,558.336
Cfg_256x256x128_TmaWSPing_Pers,o_proj,192,5120,6144,803.872
Cfg_256x256x128_TmaWSCoop_Pers,o_proj,192,5120,6144,557.920
Cfg_256x256x128_TmaWSCoop_SK,o_proj,192,5120,6144,1370.144
smoke_M256,o_proj,192,5120,6144,50.016
Cfg_128x128x128_Auto_Pers,o_proj,256,5120,6144,49.472
Cfg_128x128x128_TmaWSPing_Pers,o_proj,256,5120,6144,52.160
Cfg_128x128x128_TmaWSCoop_Pers,o_proj,256,5120,6144,49.440
Cfg_128x128x128_TmaWSCoop_SK,o_proj,256,5120,6144,51.456
Cfg_128x128x256_Auto_Pers,o_proj,256,5120,6144,52.192
Cfg_128x128x256_TmaWSPing_Pers,o_proj,256,5120,6144,52.256
Cfg_128x128x256_TmaWSCoop_Pers,o_proj,256,5120,6144,54.240
Cfg_128x128x256_TmaWSCoop_SK,o_proj,256,5120,6144,54.208
Cfg_128x256x128_Auto_Pers,o_proj,256,5120,6144,60.512
Cfg_128x256x128_TmaWSPing_Pers,o_proj,256,5120,6144,455.712
Cfg_128x256x128_TmaWSCoop_Pers,o_proj,256,5120,6144,60.640
Cfg_128x256x128_TmaWSCoop_SK,o_proj,256,5120,6144,67.840
Cfg_256x128x128_Auto_Pers,o_proj,256,5120,6144,48.640
Cfg_256x128x128_TmaWSPing_Pers,o_proj,256,5120,6144,488.480
Cfg_256x128x128_TmaWSCoop_Pers,o_proj,256,5120,6144,52.384
Cfg_256x128x128_TmaWSCoop_SK,o_proj,256,5120,6144,50.304
Cfg_256x256x128_Auto_Pers,o_proj,256,5120,6144,565.216
Cfg_256x256x128_TmaWSPing_Pers,o_proj,256,5120,6144,789.792
Cfg_256x256x128_TmaWSCoop_Pers,o_proj,256,5120,6144,561.472
Cfg_256x256x128_TmaWSCoop_SK,o_proj,256,5120,6144,1324.384
smoke_M256,o_proj,256,5120,6144,49.504
Cfg_128x128x128_Auto_Pers,gate_up_proj,1,34816,5120,470.048
Cfg_128x128x128_TmaWSPing_Pers,gate_up_proj,1,34816,5120,468.224
Cfg_128x128x128_TmaWSCoop_Pers,gate_up_proj,1,34816,5120,466.144
Cfg_128x128x128_TmaWSCoop_SK,gate_up_proj,1,34816,5120,472.992
Cfg_128x128x256_Auto_Pers,gate_up_proj,1,34816,5120,432.192
Cfg_128x128x256_TmaWSPing_Pers,gate_up_proj,1,34816,5120,441.600
Cfg_128x128x256_TmaWSCoop_Pers,gate_up_proj,1,34816,5120,433.184
Cfg_128x128x256_TmaWSCoop_SK,gate_up_proj,1,34816,5120,439.584
Cfg_128x256x128_Auto_Pers,gate_up_proj,1,34816,5120,483.360
Cfg_128x256x128_TmaWSPing_Pers,gate_up_proj,1,34816,5120,1388.704
Cfg_128x256x128_TmaWSCoop_Pers,gate_up_proj,1,34816,5120,468.192
Cfg_128x256x128_TmaWSCoop_SK,gate_up_proj,1,34816,5120,511.968
Cfg_256x128x128_Auto_Pers,gate_up_proj,1,34816,5120,739.328
Cfg_256x128x128_TmaWSPing_Pers,gate_up_proj,1,34816,5120,2997.408
Cfg_256x128x128_TmaWSCoop_Pers,gate_up_proj,1,34816,5120,739.360
Cfg_256x128x128_TmaWSCoop_SK,gate_up_proj,1,34816,5120,741.600
Cfg_256x256x128_Auto_Pers,gate_up_proj,1,34816,5120,6224.288
Cfg_256x256x128_TmaWSPing_Pers,gate_up_proj,1,34816,5120,11224.256
Cfg_256x256x128_TmaWSCoop_Pers,gate_up_proj,1,34816,5120,6311.008
Cfg_256x256x128_TmaWSCoop_SK,gate_up_proj,1,34816,5120,6446.208
smoke_M256,gate_up_proj,1,34816,5120,455.840
Cfg_128x128x128_Auto_Pers,gate_up_proj,2,34816,5120,459.840
Cfg_128x128x128_TmaWSPing_Pers,gate_up_proj,2,34816,5120,468.032
Cfg_128x128x128_TmaWSCoop_Pers,gate_up_proj,2,34816,5120,456.832
Cfg_128x128x128_TmaWSCoop_SK,gate_up_proj,2,34816,5120,464.032
Cfg_128x128x256_Auto_Pers,gate_up_proj,2,34816,5120,430.432
Cfg_128x128x256_TmaWSPing_Pers,gate_up_proj,2,34816,5120,441.792
Cfg_128x128x256_TmaWSCoop_Pers,gate_up_proj,2,34816,5120,432.352
Cfg_128x128x256_TmaWSCoop_SK,gate_up_proj,2,34816,5120,439.456
Cfg_128x256x128_Auto_Pers,gate_up_proj,2,34816,5120,470.464
Cfg_128x256x128_TmaWSPing_Pers,gate_up_proj,2,34816,5120,1372.064
Cfg_128x256x128_TmaWSCoop_Pers,gate_up_proj,2,34816,5120,483.776
Cfg_128x256x128_TmaWSCoop_SK,gate_up_proj,2,34816,5120,512.992
Cfg_256x128x128_Auto_Pers,gate_up_proj,2,34816,5120,570.176
Cfg_256x128x128_TmaWSPing_Pers,gate_up_proj,2,34816,5120,3044.480
Cfg_256x128x128_TmaWSCoop_Pers,gate_up_proj,2,34816,5120,571.424
Cfg_256x128x128_TmaWSCoop_SK,gate_up_proj,2,34816,5120,572.608
Cfg_256x256x128_Auto_Pers,gate_up_proj,2,34816,5120,6219.648
Cfg_256x256x128_TmaWSPing_Pers,gate_up_proj,2,34816,5120,11021.376
Cfg_256x256x128_TmaWSCoop_Pers,gate_up_proj,2,34816,5120,6366.240
Cfg_256x256x128_TmaWSCoop_SK,gate_up_proj,2,34816,5120,6584.416
smoke_M256,gate_up_proj,2,34816,5120,457.952
Cfg_128x128x128_Auto_Pers,gate_up_proj,4,34816,5120,463.104
Cfg_128x128x128_TmaWSPing_Pers,gate_up_proj,4,34816,5120,474.240
Cfg_128x128x128_TmaWSCoop_Pers,gate_up_proj,4,34816,5120,460.800
Cfg_128x128x128_TmaWSCoop_SK,gate_up_proj,4,34816,5120,464.000
Cfg_128x128x256_Auto_Pers,gate_up_proj,4,34816,5120,440.224
Cfg_128x128x256_TmaWSPing_Pers,gate_up_proj,4,34816,5120,443.552
Cfg_128x128x256_TmaWSCoop_Pers,gate_up_proj,4,34816,5120,437.344
Cfg_128x128x256_TmaWSCoop_SK,gate_up_proj,4,34816,5120,443.456
Cfg_128x256x128_Auto_Pers,gate_up_proj,4,34816,5120,483.680
Cfg_128x256x128_TmaWSPing_Pers,gate_up_proj,4,34816,5120,1428.640
Cfg_128x256x128_TmaWSCoop_Pers,gate_up_proj,4,34816,5120,473.312
Cfg_128x256x128_TmaWSCoop_SK,gate_up_proj,4,34816,5120,512.256
Cfg_256x128x128_Auto_Pers,gate_up_proj,4,34816,5120,644.192
Cfg_256x128x128_TmaWSPing_Pers,gate_up_proj,4,34816,5120,3025.152
Cfg_256x128x128_TmaWSCoop_Pers,gate_up_proj,4,34816,5120,648.416
Cfg_256x128x128_TmaWSCoop_SK,gate_up_proj,4,34816,5120,630.112
Cfg_256x256x128_Auto_Pers,gate_up_proj,4,34816,5120,6222.880
Cfg_256x256x128_TmaWSPing_Pers,gate_up_proj,4,34816,5120,11198.592
Cfg_256x256x128_TmaWSCoop_Pers,gate_up_proj,4,34816,5120,6415.424
Cfg_256x256x128_TmaWSCoop_SK,gate_up_proj,4,34816,5120,6489.056
smoke_M256,gate_up_proj,4,34816,5120,456.096
Cfg_128x128x128_Auto_Pers,gate_up_proj,8,34816,5120,467.072
Cfg_128x128x128_TmaWSPing_Pers,gate_up_proj,8,34816,5120,473.056
Cfg_128x128x128_TmaWSCoop_Pers,gate_up_proj,8,34816,5120,459.840
Cfg_128x128x128_TmaWSCoop_SK,gate_up_proj,8,34816,5120,469.088
Cfg_128x128x256_Auto_Pers,gate_up_proj,8,34816,5120,442.400
Cfg_128x128x256_TmaWSPing_Pers,gate_up_proj,8,34816,5120,445.632
Cfg_128x128x256_TmaWSCoop_Pers,gate_up_proj,8,34816,5120,438.432
Cfg_128x128x256_TmaWSCoop_SK,gate_up_proj,8,34816,5120,443.648
Cfg_128x256x128_Auto_Pers,gate_up_proj,8,34816,5120,477.216
Cfg_128x256x128_TmaWSPing_Pers,gate_up_proj,8,34816,5120,1400.096
Cfg_128x256x128_TmaWSCoop_Pers,gate_up_proj,8,34816,5120,487.616
Cfg_128x256x128_TmaWSCoop_SK,gate_up_proj,8,34816,5120,517.216
Cfg_256x128x128_Auto_Pers,gate_up_proj,8,34816,5120,720.320
Cfg_256x128x128_TmaWSPing_Pers,gate_up_proj,8,34816,5120,3036.096
Cfg_256x128x128_TmaWSCoop_Pers,gate_up_proj,8,34816,5120,719.936
Cfg_256x128x128_TmaWSCoop_SK,gate_up_proj,8,34816,5120,724.320
Cfg_256x256x128_Auto_Pers,gate_up_proj,8,34816,5120,6232.096
Cfg_256x256x128_TmaWSPing_Pers,gate_up_proj,8,34816,5120,11159.424
Cfg_256x256x128_TmaWSCoop_Pers,gate_up_proj,8,34816,5120,6228.224
Cfg_256x256x128_TmaWSCoop_SK,gate_up_proj,8,34816,5120,6473.824
smoke_M256,gate_up_proj,8,34816,5120,471.296
Cfg_128x128x128_Auto_Pers,gate_up_proj,16,34816,5120,476.128
Cfg_128x128x128_TmaWSPing_Pers,gate_up_proj,16,34816,5120,478.432
Cfg_128x128x128_TmaWSCoop_Pers,gate_up_proj,16,34816,5120,475.168
Cfg_128x128x128_TmaWSCoop_SK,gate_up_proj,16,34816,5120,482.304
Cfg_128x128x256_Auto_Pers,gate_up_proj,16,34816,5120,444.672
Cfg_128x128x256_TmaWSPing_Pers,gate_up_proj,16,34816,5120,455.648
Cfg_128x128x256_TmaWSCoop_Pers,gate_up_proj,16,34816,5120,454.880
Cfg_128x128x256_TmaWSCoop_SK,gate_up_proj,16,34816,5120,449.888
Cfg_128x256x128_Auto_Pers,gate_up_proj,16,34816,5120,478.272
Cfg_128x256x128_TmaWSPing_Pers,gate_up_proj,16,34816,5120,1386.560
Cfg_128x256x128_TmaWSCoop_Pers,gate_up_proj,16,34816,5120,482.368
Cfg_128x256x128_TmaWSCoop_SK,gate_up_proj,16,34816,5120,528.416
Cfg_256x128x128_Auto_Pers,gate_up_proj,16,34816,5120,699.584
Cfg_256x128x128_TmaWSPing_Pers,gate_up_proj,16,34816,5120,2916.384
Cfg_256x128x128_TmaWSCoop_Pers,gate_up_proj,16,34816,5120,698.624
Cfg_256x128x128_TmaWSCoop_SK,gate_up_proj,16,34816,5120,703.488
Cfg_256x256x128_Auto_Pers,gate_up_proj,16,34816,5120,6203.424
Cfg_256x256x128_TmaWSPing_Pers,gate_up_proj,16,34816,5120,11340.832
Cfg_256x256x128_TmaWSCoop_Pers,gate_up_proj,16,34816,5120,6219.840
Cfg_256x256x128_TmaWSCoop_SK,gate_up_proj,16,34816,5120,6574.208
smoke_M256,gate_up_proj,16,34816,5120,485.504
Cfg_128x128x128_Auto_Pers,gate_up_proj,32,34816,5120,481.216
Cfg_128x128x128_TmaWSPing_Pers,gate_up_proj,32,34816,5120,486.560
Cfg_128x128x128_TmaWSCoop_Pers,gate_up_proj,32,34816,5120,478.432
Cfg_128x128x128_TmaWSCoop_SK,gate_up_proj,32,34816,5120,482.208
Cfg_128x128x256_Auto_Pers,gate_up_proj,32,34816,5120,446.688
Cfg_128x128x256_TmaWSPing_Pers,gate_up_proj,32,34816,5120,457.888
Cfg_128x128x256_TmaWSCoop_Pers,gate_up_proj,32,34816,5120,450.528
Cfg_128x128x256_TmaWSCoop_SK,gate_up_proj,32,34816,5120,453.824
Cfg_128x256x128_Auto_Pers,gate_up_proj,32,34816,5120,489.632
Cfg_128x256x128_TmaWSPing_Pers,gate_up_proj,32,34816,5120,1437.568
Cfg_128x256x128_TmaWSCoop_Pers,gate_up_proj,32,34816,5120,492.608
Cfg_128x256x128_TmaWSCoop_SK,gate_up_proj,32,34816,5120,526.528
Cfg_256x128x128_Auto_Pers,gate_up_proj,32,34816,5120,663.616
Cfg_256x128x128_TmaWSPing_Pers,gate_up_proj,32,34816,5120,2996.544
Cfg_256x128x128_TmaWSCoop_Pers,gate_up_proj,32,34816,5120,666.464
Cfg_256x128x128_TmaWSCoop_SK,gate_up_proj,32,34816,5120,667.616
Cfg_256x256x128_Auto_Pers,gate_up_proj,32,34816,5120,6186.080
Cfg_256x256x128_TmaWSPing_Pers,gate_up_proj,32,34816,5120,11237.728
Cfg_256x256x128_TmaWSCoop_Pers,gate_up_proj,32,34816,5120,6174.880
Cfg_256x256x128_TmaWSCoop_SK,gate_up_proj,32,34816,5120,6531.296
smoke_M256,gate_up_proj,32,34816,5120,473.984
Cfg_128x128x128_Auto_Pers,gate_up_proj,64,34816,5120,495.648
Cfg_128x128x128_TmaWSPing_Pers,gate_up_proj,64,34816,5120,505.120
Cfg_128x128x128_TmaWSCoop_Pers,gate_up_proj,64,34816,5120,491.776
Cfg_128x128x128_TmaWSCoop_SK,gate_up_proj,64,34816,5120,493.632
Cfg_128x128x256_Auto_Pers,gate_up_proj,64,34816,5120,463.968
Cfg_128x128x256_TmaWSPing_Pers,gate_up_proj,64,34816,5120,476.352
Cfg_128x128x256_TmaWSCoop_Pers,gate_up_proj,64,34816,5120,463.616
Cfg_128x128x256_TmaWSCoop_SK,gate_up_proj,64,34816,5120,471.296
Cfg_128x256x128_Auto_Pers,gate_up_proj,64,34816,5120,504.768
Cfg_128x256x128_TmaWSPing_Pers,gate_up_proj,64,34816,5120,1444.960
Cfg_128x256x128_TmaWSCoop_Pers,gate_up_proj,64,34816,5120,499.840
Cfg_128x256x128_TmaWSCoop_SK,gate_up_proj,64,34816,5120,540.704
Cfg_256x128x128_Auto_Pers,gate_up_proj,64,34816,5120,491.552
Cfg_256x128x128_TmaWSPing_Pers,gate_up_proj,64,34816,5120,3021.824
Cfg_256x128x128_TmaWSCoop_Pers,gate_up_proj,64,34816,5120,494.720
Cfg_256x128x128_TmaWSCoop_SK,gate_up_proj,64,34816,5120,512.224
Cfg_256x256x128_Auto_Pers,gate_up_proj,64,34816,5120,6468.928
Cfg_256x256x128_TmaWSPing_Pers,gate_up_proj,64,34816,5120,11297.120
Cfg_256x256x128_TmaWSCoop_Pers,gate_up_proj,64,34816,5120,6284.480
Cfg_256x256x128_TmaWSCoop_SK,gate_up_proj,64,34816,5120,6571.040
smoke_M256,gate_up_proj,64,34816,5120,496.704
Cfg_128x128x128_Auto_Pers,gate_up_proj,128,34816,5120,532.320
Cfg_128x128x128_TmaWSPing_Pers,gate_up_proj,128,34816,5120,535.520
Cfg_128x128x128_TmaWSCoop_Pers,gate_up_proj,128,34816,5120,520.032
Cfg_128x128x128_TmaWSCoop_SK,gate_up_proj,128,34816,5120,525.472
Cfg_128x128x256_Auto_Pers,gate_up_proj,128,34816,5120,488.704
Cfg_128x128x256_TmaWSPing_Pers,gate_up_proj,128,34816,5120,492.640
Cfg_128x128x256_TmaWSCoop_Pers,gate_up_proj,128,34816,5120,492.672
Cfg_128x128x256_TmaWSCoop_SK,gate_up_proj,128,34816,5120,497.888
Cfg_128x256x128_Auto_Pers,gate_up_proj,128,34816,5120,542.944
Cfg_128x256x128_TmaWSPing_Pers,gate_up_proj,128,34816,5120,1526.208
Cfg_128x256x128_TmaWSCoop_Pers,gate_up_proj,128,34816,5120,543.808
Cfg_128x256x128_TmaWSCoop_SK,gate_up_proj,128,34816,5120,572.640
Cfg_256x128x128_Auto_Pers,gate_up_proj,128,34816,5120,524.448
Cfg_256x128x128_TmaWSPing_Pers,gate_up_proj,128,34816,5120,3146.880
Cfg_256x128x128_TmaWSCoop_Pers,gate_up_proj,128,34816,5120,520.448
Cfg_256x128x128_TmaWSCoop_SK,gate_up_proj,128,34816,5120,549.888
Cfg_256x256x128_Auto_Pers,gate_up_proj,128,34816,5120,6317.120
Cfg_256x256x128_TmaWSPing_Pers,gate_up_proj,128,34816,5120,11176.096
Cfg_256x256x128_TmaWSCoop_Pers,gate_up_proj,128,34816,5120,6271.136
Cfg_256x256x128_TmaWSCoop_SK,gate_up_proj,128,34816,5120,6669.408
smoke_M256,gate_up_proj,128,34816,5120,523.520
Cfg_128x128x128_Auto_Pers,gate_up_proj,192,34816,5120,537.728
Cfg_128x128x128_TmaWSPing_Pers,gate_up_proj,192,34816,5120,542.976
Cfg_128x128x128_TmaWSCoop_Pers,gate_up_proj,192,34816,5120,545.824
Cfg_128x128x128_TmaWSCoop_SK,gate_up_proj,192,34816,5120,545.856
Cfg_128x128x256_Auto_Pers,gate_up_proj,192,34816,5120,500.832
Cfg_128x128x256_TmaWSPing_Pers,gate_up_proj,192,34816,5120,511.104
Cfg_128x128x256_TmaWSCoop_Pers,gate_up_proj,192,34816,5120,500.864
Cfg_128x128x256_TmaWSCoop_SK,gate_up_proj,192,34816,5120,509.280
Cfg_128x256x128_Auto_Pers,gate_up_proj,192,34816,5120,549.088
Cfg_128x256x128_TmaWSPing_Pers,gate_up_proj,192,34816,5120,2737.568
Cfg_128x256x128_TmaWSCoop_Pers,gate_up_proj,192,34816,5120,544.224
Cfg_128x256x128_TmaWSCoop_SK,gate_up_proj,192,34816,5120,592.096
Cfg_256x128x128_Auto_Pers,gate_up_proj,192,34816,5120,553.056
Cfg_256x128x128_TmaWSPing_Pers,gate_up_proj,192,34816,5120,3013.952
Cfg_256x128x128_TmaWSCoop_Pers,gate_up_proj,192,34816,5120,548.000
Cfg_256x128x128_TmaWSCoop_SK,gate_up_proj,192,34816,5120,584.000
Cfg_256x256x128_Auto_Pers,gate_up_proj,192,34816,5120,6271.936
Cfg_256x256x128_TmaWSPing_Pers,gate_up_proj,192,34816,5120,11277.408
Cfg_256x256x128_TmaWSCoop_Pers,gate_up_proj,192,34816,5120,6308.800
Cfg_256x256x128_TmaWSCoop_SK,gate_up_proj,192,34816,5120,6709.696
smoke_M256,gate_up_proj,192,34816,5120,540.544
Cfg_128x128x128_Auto_Pers,gate_up_proj,256,34816,5120,568.704
Cfg_128x128x128_TmaWSPing_Pers,gate_up_proj,256,34816,5120,567.520
Cfg_128x128x128_TmaWSCoop_Pers,gate_up_proj,256,34816,5120,566.368
Cfg_128x128x128_TmaWSCoop_SK,gate_up_proj,256,34816,5120,567.680
Cfg_128x128x256_Auto_Pers,gate_up_proj,256,34816,5120,529.760
Cfg_128x128x256_TmaWSPing_Pers,gate_up_proj,256,34816,5120,534.784
Cfg_128x128x256_TmaWSCoop_Pers,gate_up_proj,256,34816,5120,531.680
Cfg_128x128x256_TmaWSCoop_SK,gate_up_proj,256,34816,5120,533.664
Cfg_128x256x128_Auto_Pers,gate_up_proj,256,34816,5120,574.816
Cfg_128x256x128_TmaWSPing_Pers,gate_up_proj,256,34816,5120,2803.904
Cfg_128x256x128_TmaWSCoop_Pers,gate_up_proj,256,34816,5120,588.928
Cfg_128x256x128_TmaWSCoop_SK,gate_up_proj,256,34816,5120,616.672
Cfg_256x128x128_Auto_Pers,gate_up_proj,256,34816,5120,567.520
Cfg_256x128x128_TmaWSPing_Pers,gate_up_proj,256,34816,5120,3280.928
Cfg_256x128x128_TmaWSCoop_Pers,gate_up_proj,256,34816,5120,583.808
Cfg_256x128x128_TmaWSCoop_SK,gate_up_proj,256,34816,5120,604.448
Cfg_256x256x128_Auto_Pers,gate_up_proj,256,34816,5120,6634.624
Cfg_256x256x128_TmaWSPing_Pers,gate_up_proj,256,34816,5120,11281.504
Cfg_256x256x128_TmaWSCoop_Pers,gate_up_proj,256,34816,5120,6323.648
Cfg_256x256x128_TmaWSCoop_SK,gate_up_proj,256,34816,5120,6510.752
smoke_M256,gate_up_proj,256,34816,5120,561.248
Cfg_128x128x128_Auto_Pers,down_proj,1,5120,17408,249.088
Cfg_128x128x128_TmaWSPing_Pers,down_proj,1,5120,17408,258.976
Cfg_128x128x128_TmaWSCoop_Pers,down_proj,1,5120,17408,255.104
Cfg_128x128x128_TmaWSCoop_SK,down_proj,1,5120,17408,251.136
Cfg_128x128x256_Auto_Pers,down_proj,1,5120,17408,228.352
Cfg_128x128x256_TmaWSPing_Pers,down_proj,1,5120,17408,233.632
Cfg_128x128x256_TmaWSCoop_Pers,down_proj,1,5120,17408,227.424
Cfg_128x128x256_TmaWSCoop_SK,down_proj,1,5120,17408,238.464
Cfg_128x256x128_Auto_Pers,down_proj,1,5120,17408,266.208
Cfg_128x256x128_TmaWSPing_Pers,down_proj,1,5120,17408,849.920
Cfg_128x256x128_TmaWSCoop_Pers,down_proj,1,5120,17408,257.184
Cfg_128x256x128_TmaWSCoop_SK,down_proj,1,5120,17408,295.264
Cfg_256x128x128_Auto_Pers,down_proj,1,5120,17408,382.176
Cfg_256x128x128_TmaWSPing_Pers,down_proj,1,5120,17408,1458.432
Cfg_256x128x128_TmaWSCoop_Pers,down_proj,1,5120,17408,375.968
Cfg_256x128x128_TmaWSCoop_SK,down_proj,1,5120,17408,380.160
Cfg_256x256x128_Auto_Pers,down_proj,1,5120,17408,1573.120
Cfg_256x256x128_TmaWSPing_Pers,down_proj,1,5120,17408,2269.344
Cfg_256x256x128_TmaWSCoop_Pers,down_proj,1,5120,17408,1587.360
Cfg_256x256x128_TmaWSCoop_SK,down_proj,1,5120,17408,3644.480
smoke_M256,down_proj,1,5120,17408,248.768
Cfg_128x128x128_Auto_Pers,down_proj,2,5120,17408,249.824
Cfg_128x128x128_TmaWSPing_Pers,down_proj,2,5120,17408,254.112
Cfg_128x128x128_TmaWSCoop_Pers,down_proj,2,5120,17408,250.080
Cfg_128x128x128_TmaWSCoop_SK,down_proj,2,5120,17408,253.024
Cfg_128x128x256_Auto_Pers,down_proj,2,5120,17408,230.496
Cfg_128x128x256_TmaWSPing_Pers,down_proj,2,5120,17408,234.496
Cfg_128x128x256_TmaWSCoop_Pers,down_proj,2,5120,17408,229.600
Cfg_128x128x256_TmaWSCoop_SK,down_proj,2,5120,17408,234.720
Cfg_128x256x128_Auto_Pers,down_proj,2,5120,17408,266.464
Cfg_128x256x128_TmaWSPing_Pers,down_proj,2,5120,17408,854.912
Cfg_128x256x128_TmaWSCoop_Pers,down_proj,2,5120,17408,259.328
Cfg_128x256x128_TmaWSCoop_SK,down_proj,2,5120,17408,295.072
Cfg_256x128x128_Auto_Pers,down_proj,2,5120,17408,369.728
Cfg_256x128x128_TmaWSPing_Pers,down_proj,2,5120,17408,1493.056
Cfg_256x128x128_TmaWSCoop_Pers,down_proj,2,5120,17408,378.752
Cfg_256x128x128_TmaWSCoop_SK,down_proj,2,5120,17408,371.744
Cfg_256x256x128_Auto_Pers,down_proj,2,5120,17408,1583.168
Cfg_256x256x128_TmaWSPing_Pers,down_proj,2,5120,17408,2214.240
Cfg_256x256x128_TmaWSCoop_Pers,down_proj,2,5120,17408,1577.024
Cfg_256x256x128_TmaWSCoop_SK,down_proj,2,5120,17408,3676.128
smoke_M256,down_proj,2,5120,17408,251.840
Cfg_128x128x128_Auto_Pers,down_proj,4,5120,17408,258.240
Cfg_128x128x128_TmaWSPing_Pers,down_proj,4,5120,17408,255.232
Cfg_128x128x128_TmaWSCoop_Pers,down_proj,4,5120,17408,252.896
Cfg_128x128x128_TmaWSCoop_SK,down_proj,4,5120,17408,262.144
Cfg_128x128x256_Auto_Pers,down_proj,4,5120,17408,228.480
Cfg_128x128x256_TmaWSPing_Pers,down_proj,4,5120,17408,239.072
Cfg_128x128x256_TmaWSCoop_Pers,down_proj,4,5120,17408,232.576
Cfg_128x128x256_TmaWSCoop_SK,down_proj,4,5120,17408,238.752
Cfg_128x256x128_Auto_Pers,down_proj,4,5120,17408,261.440
Cfg_128x256x128_TmaWSPing_Pers,down_proj,4,5120,17408,858.112
Cfg_128x256x128_TmaWSCoop_Pers,down_proj,4,5120,17408,257.088
Cfg_128x256x128_TmaWSCoop_SK,down_proj,4,5120,17408,294.912
Cfg_256x128x128_Auto_Pers,down_proj,4,5120,17408,365.472
Cfg_256x128x128_TmaWSPing_Pers,down_proj,4,5120,17408,1502.560
Cfg_256x128x128_TmaWSCoop_Pers,down_proj,4,5120,17408,366.912
Cfg_256x128x128_TmaWSCoop_SK,down_proj,4,5120,17408,363.936
Cfg_256x256x128_Auto_Pers,down_proj,4,5120,17408,1571.168
Cfg_256x256x128_TmaWSPing_Pers,down_proj,4,5120,17408,2216.320
Cfg_256x256x128_TmaWSCoop_Pers,down_proj,4,5120,17408,1569.696
Cfg_256x256x128_TmaWSCoop_SK,down_proj,4,5120,17408,3630.432
smoke_M256,down_proj,4,5120,17408,247.808
Cfg_128x128x128_Auto_Pers,down_proj,8,5120,17408,252.128
Cfg_128x128x128_TmaWSPing_Pers,down_proj,8,5120,17408,248.992
Cfg_128x128x128_TmaWSCoop_Pers,down_proj,8,5120,17408,247.904
Cfg_128x128x128_TmaWSCoop_SK,down_proj,8,5120,17408,258.112
Cfg_128x128x256_Auto_Pers,down_proj,8,5120,17408,229.344
Cfg_128x128x256_TmaWSPing_Pers,down_proj,8,5120,17408,239.648
Cfg_128x128x256_TmaWSCoop_Pers,down_proj,8,5120,17408,232.608
Cfg_128x128x256_TmaWSCoop_SK,down_proj,8,5120,17408,234.688
Cfg_128x256x128_Auto_Pers,down_proj,8,5120,17408,258.496
Cfg_128x256x128_TmaWSPing_Pers,down_proj,8,5120,17408,849.120
Cfg_128x256x128_TmaWSCoop_Pers,down_proj,8,5120,17408,258.176
Cfg_128x256x128_TmaWSCoop_SK,down_proj,8,5120,17408,296.224
Cfg_256x128x128_Auto_Pers,down_proj,8,5120,17408,365.888
Cfg_256x128x128_TmaWSPing_Pers,down_proj,8,5120,17408,1413.376
Cfg_256x128x128_TmaWSCoop_Pers,down_proj,8,5120,17408,367.968
Cfg_256x128x128_TmaWSCoop_SK,down_proj,8,5120,17408,373.728
Cfg_256x256x128_Auto_Pers,down_proj,8,5120,17408,1564.960
Cfg_256x256x128_TmaWSPing_Pers,down_proj,8,5120,17408,2215.968
Cfg_256x256x128_TmaWSCoop_Pers,down_proj,8,5120,17408,1560.736
Cfg_256x256x128_TmaWSCoop_SK,down_proj,8,5120,17408,3668.032
smoke_M256,down_proj,8,5120,17408,256.928
Cfg_128x128x128_Auto_Pers,down_proj,16,5120,17408,258.016
Cfg_128x128x128_TmaWSPing_Pers,down_proj,16,5120,17408,250.112
Cfg_128x128x128_TmaWSCoop_Pers,down_proj,16,5120,17408,255.040
Cfg_128x128x128_TmaWSCoop_SK,down_proj,16,5120,17408,254.176
Cfg_128x128x256_Auto_Pers,down_proj,16,5120,17408,229.312
Cfg_128x128x256_TmaWSPing_Pers,down_proj,16,5120,17408,231.520
Cfg_128x128x256_TmaWSCoop_Pers,down_proj,16,5120,17408,237.760
Cfg_128x128x256_TmaWSCoop_SK,down_proj,16,5120,17408,234.592
Cfg_128x256x128_Auto_Pers,down_proj,16,5120,17408,266.208
Cfg_128x256x128_TmaWSPing_Pers,down_proj,16,5120,17408,853.248
Cfg_128x256x128_TmaWSCoop_Pers,down_proj,16,5120,17408,266.368
Cfg_128x256x128_TmaWSCoop_SK,down_proj,16,5120,17408,298.304
Cfg_256x128x128_Auto_Pers,down_proj,16,5120,17408,354.560
Cfg_256x128x128_TmaWSPing_Pers,down_proj,16,5120,17408,1480.960
Cfg_256x128x128_TmaWSCoop_Pers,down_proj,16,5120,17408,349.024
Cfg_256x128x128_TmaWSCoop_SK,down_proj,16,5120,17408,355.264
Cfg_256x256x128_Auto_Pers,down_proj,16,5120,17408,1565.728
Cfg_256x256x128_TmaWSPing_Pers,down_proj,16,5120,17408,2242.784
Cfg_256x256x128_TmaWSCoop_Pers,down_proj,16,5120,17408,1583.040
Cfg_256x256x128_TmaWSCoop_SK,down_proj,16,5120,17408,3634.400
smoke_M256,down_proj,16,5120,17408,256.128
Cfg_128x128x128_Auto_Pers,down_proj,32,5120,17408,253.216
Cfg_128x128x128_TmaWSPing_Pers,down_proj,32,5120,17408,250.976
Cfg_128x128x128_TmaWSCoop_Pers,down_proj,32,5120,17408,247.904
Cfg_128x128x128_TmaWSCoop_SK,down_proj,32,5120,17408,259.104
Cfg_128x128x256_Auto_Pers,down_proj,32,5120,17408,232.480
Cfg_128x128x256_TmaWSPing_Pers,down_proj,32,5120,17408,234.656
Cfg_128x128x256_TmaWSCoop_Pers,down_proj,32,5120,17408,240.576
Cfg_128x128x256_TmaWSCoop_SK,down_proj,32,5120,17408,235.680
Cfg_128x256x128_Auto_Pers,down_proj,32,5120,17408,262.336
Cfg_128x256x128_TmaWSPing_Pers,down_proj,32,5120,17408,849.056
Cfg_128x256x128_TmaWSCoop_Pers,down_proj,32,5120,17408,272.544
Cfg_128x256x128_TmaWSCoop_SK,down_proj,32,5120,17408,290.048
Cfg_256x128x128_Auto_Pers,down_proj,32,5120,17408,258.272
Cfg_256x128x128_TmaWSPing_Pers,down_proj,32,5120,17408,1356.000
Cfg_256x128x128_TmaWSCoop_Pers,down_proj,32,5120,17408,266.368
Cfg_256x128x128_TmaWSCoop_SK,down_proj,32,5120,17408,289.952
Cfg_256x256x128_Auto_Pers,down_proj,32,5120,17408,1558.592
Cfg_256x256x128_TmaWSPing_Pers,down_proj,32,5120,17408,2202.016
Cfg_256x256x128_TmaWSCoop_Pers,down_proj,32,5120,17408,1554.496
Cfg_256x256x128_TmaWSCoop_SK,down_proj,32,5120,17408,3708.128
smoke_M256,down_proj,32,5120,17408,256.160
Cfg_128x128x128_Auto_Pers,down_proj,64,5120,17408,258.112
Cfg_128x128x128_TmaWSPing_Pers,down_proj,64,5120,17408,263.424
Cfg_128x128x128_TmaWSCoop_Pers,down_proj,64,5120,17408,265.248
Cfg_128x128x128_TmaWSCoop_SK,down_proj,64,5120,17408,265.216
Cfg_128x128x256_Auto_Pers,down_proj,64,5120,17408,232.640
Cfg_128x128x256_TmaWSPing_Pers,down_proj,64,5120,17408,237.728
Cfg_128x128x256_TmaWSCoop_Pers,down_proj,64,5120,17408,235.488
Cfg_128x128x256_TmaWSCoop_SK,down_proj,64,5120,17408,240.864
Cfg_128x256x128_Auto_Pers,down_proj,64,5120,17408,263.392
Cfg_128x256x128_TmaWSPing_Pers,down_proj,64,5120,17408,849.120
Cfg_128x256x128_TmaWSCoop_Pers,down_proj,64,5120,17408,270.688
Cfg_128x256x128_TmaWSCoop_SK,down_proj,64,5120,17408,304.224
Cfg_256x128x128_Auto_Pers,down_proj,64,5120,17408,260.320
Cfg_256x128x128_TmaWSPing_Pers,down_proj,64,5120,17408,1365.312
Cfg_256x128x128_TmaWSCoop_Pers,down_proj,64,5120,17408,269.536
Cfg_256x128x128_TmaWSCoop_SK,down_proj,64,5120,17408,282.848
Cfg_256x256x128_Auto_Pers,down_proj,64,5120,17408,1581.216
Cfg_256x256x128_TmaWSPing_Pers,down_proj,64,5120,17408,2201.696
Cfg_256x256x128_TmaWSCoop_Pers,down_proj,64,5120,17408,1575.264
Cfg_256x256x128_TmaWSCoop_SK,down_proj,64,5120,17408,3642.592
smoke_M256,down_proj,64,5120,17408,259.360
Cfg_128x128x128_Auto_Pers,down_proj,128,5120,17408,261.152
Cfg_128x128x128_TmaWSPing_Pers,down_proj,128,5120,17408,260.352
Cfg_128x128x128_TmaWSCoop_Pers,down_proj,128,5120,17408,259.392
Cfg_128x128x128_TmaWSCoop_SK,down_proj,128,5120,17408,263.232
Cfg_128x128x256_Auto_Pers,down_proj,128,5120,17408,238.592
Cfg_128x128x256_TmaWSPing_Pers,down_proj,128,5120,17408,242.848
Cfg_128x128x256_TmaWSCoop_Pers,down_proj,128,5120,17408,238.560
Cfg_128x128x256_TmaWSCoop_SK,down_proj,128,5120,17408,242.688
Cfg_128x256x128_Auto_Pers,down_proj,128,5120,17408,273.600
Cfg_128x256x128_TmaWSPing_Pers,down_proj,128,5120,17408,858.496
Cfg_128x256x128_TmaWSCoop_Pers,down_proj,128,5120,17408,267.456
Cfg_128x256x128_TmaWSCoop_SK,down_proj,128,5120,17408,305.536
Cfg_256x128x128_Auto_Pers,down_proj,128,5120,17408,276.416
Cfg_256x128x128_TmaWSPing_Pers,down_proj,128,5120,17408,1348.704
Cfg_256x128x128_TmaWSCoop_Pers,down_proj,128,5120,17408,273.568
Cfg_256x128x128_TmaWSCoop_SK,down_proj,128,5120,17408,291.904
Cfg_256x256x128_Auto_Pers,down_proj,128,5120,17408,1556.512
Cfg_256x256x128_TmaWSPing_Pers,down_proj,128,5120,17408,2216.000
Cfg_256x256x128_TmaWSCoop_Pers,down_proj,128,5120,17408,1560.480
Cfg_256x256x128_TmaWSCoop_SK,down_proj,128,5120,17408,3641.632
smoke_M256,down_proj,128,5120,17408,264.480
Cfg_128x128x128_Auto_Pers,down_proj,192,5120,17408,278.560
Cfg_128x128x128_TmaWSPing_Pers,down_proj,192,5120,17408,299.392
Cfg_128x128x128_TmaWSCoop_Pers,down_proj,192,5120,17408,283.872
Cfg_128x128x128_TmaWSCoop_SK,down_proj,192,5120,17408,287.808
Cfg_128x128x256_Auto_Pers,down_proj,192,5120,17408,247.840
Cfg_128x128x256_TmaWSPing_Pers,down_proj,192,5120,17408,257.152
Cfg_128x128x256_TmaWSCoop_Pers,down_proj,192,5120,17408,251.104
Cfg_128x128x256_TmaWSCoop_SK,down_proj,192,5120,17408,258.240
Cfg_128x256x128_Auto_Pers,down_proj,192,5120,17408,273.824
Cfg_128x256x128_TmaWSPing_Pers,down_proj,192,5120,17408,1256.416
Cfg_128x256x128_TmaWSCoop_Pers,down_proj,192,5120,17408,279.776
Cfg_128x256x128_TmaWSCoop_SK,down_proj,192,5120,17408,292.000
Cfg_256x128x128_Auto_Pers,down_proj,192,5120,17408,280.576
Cfg_256x128x128_TmaWSPing_Pers,down_proj,192,5120,17408,1367.072
Cfg_256x128x128_TmaWSCoop_Pers,down_proj,192,5120,17408,271.296
Cfg_256x128x128_TmaWSCoop_SK,down_proj,192,5120,17408,294.976
Cfg_256x256x128_Auto_Pers,down_proj,192,5120,17408,1565.760
Cfg_256x256x128_TmaWSPing_Pers,down_proj,192,5120,17408,2203.648
Cfg_256x256x128_TmaWSCoop_Pers,down_proj,192,5120,17408,1599.552
Cfg_256x256x128_TmaWSCoop_SK,down_proj,192,5120,17408,3675.392
smoke_M256,down_proj,192,5120,17408,285.632
Cfg_128x128x128_Auto_Pers,down_proj,256,5120,17408,289.952
Cfg_128x128x128_TmaWSPing_Pers,down_proj,256,5120,17408,295.936
Cfg_128x128x128_TmaWSCoop_Pers,down_proj,256,5120,17408,294.880
Cfg_128x128x128_TmaWSCoop_SK,down_proj,256,5120,17408,294.848
Cfg_128x128x256_Auto_Pers,down_proj,256,5120,17408,259.200
Cfg_128x128x256_TmaWSPing_Pers,down_proj,256,5120,17408,270.496
Cfg_128x128x256_TmaWSCoop_Pers,down_proj,256,5120,17408,263.328
Cfg_128x128x256_TmaWSCoop_SK,down_proj,256,5120,17408,264.256
Cfg_128x256x128_Auto_Pers,down_proj,256,5120,17408,287.712
Cfg_128x256x128_TmaWSPing_Pers,down_proj,256,5120,17408,1292.640
Cfg_128x256x128_TmaWSCoop_Pers,down_proj,256,5120,17408,285.952
Cfg_128x256x128_TmaWSCoop_SK,down_proj,256,5120,17408,297.120
Cfg_256x128x128_Auto_Pers,down_proj,256,5120,17408,276.672
Cfg_256x128x128_TmaWSPing_Pers,down_proj,256,5120,17408,1348.544
Cfg_256x128x128_TmaWSCoop_Pers,down_proj,256,5120,17408,281.536
Cfg_256x128x128_TmaWSCoop_SK,down_proj,256,5120,17408,296.096
Cfg_256x256x128_Auto_Pers,down_proj,256,5120,17408,1562.720
Cfg_256x256x128_TmaWSPing_Pers,down_proj,256,5120,17408,2216.064
Cfg_256x256x128_TmaWSCoop_Pers,down_proj,256,5120,17408,1561.760
Cfg_256x256x128_TmaWSCoop_SK,down_proj,256,5120,17408,3746.016
smoke_M256,down_proj,256,5120,17408,286.688
